Accuracy,Precision,Recall,F1-Score,Model
0.994,0.9949899799599199,0.993,0.993993993993994,EPOP
0.885875,0.9477806788511749,0.81675,0.8774002954209749,Transformer
0.776875,0.7451848572061103,0.8415,0.7904191616766467,LSTM
